"","Var1","Freq"
"1","aaa",1
"2","abisynię",1
"3","aborcja",1
"4","aborcji",1
"5","absurd",1
"6","adama",1
"7","adolf",2
"8","adwokat",1
"9","afganistanie",2
"10","afgańsku",1
"11","afryce",2
"12","afrykańskie",1
"13","afryki",1
"14","agenci",1
"15","agent",1
"16","agentura",1
"17","agnodike",1
"18","ak",3
"19","akademia",1
"20","akcesoria",1
"21","akcja",4
"22","akcję",1
"23","akcji",1
"24","akcyjny",1
"25","akcyzowy",1
"26","akt",1
"27","aktorem",1
"28","aktorka",2
"29","al",1
"30","aleksander",1
"31","aleksandra",1
"32","alianci",2
"33","alianckie",1
"34","alkoholicy",1
"35","alkoholowa",1
"36","alternatywna",1
"37","alternatywy",1
"38","amazonek",1
"39","ambasadora",1
"40","ameryka",1
"41","amerykanie",4
"42","amerykanom",1
"43","amerykanów",2
"44","amerykańscy",3
"45","amerykański",1
"46","amerykańskich",4
"47","amerykańskiej",1
"48","amerykańskim",1
"49","amerykę",1
"50","ameryki",4
"51","analfabeci",1
"52","analfabetyzm",1
"53","anarchista",1
"54","anatomia",1
"55","andersa",2
"56","androidów",1
"57","anglii",2
"58","angloamerykańsku",1
"59","angola",1
"60","aniołków",1
"61","anny",2
"62","anonim",1
"63","antyburżuazyjny",1
"64","antyklerykałowie",1
"65","antykoncepcja",1
"66","antysemici",1
"67","antysemitka",1
"68","aparaty",1
"69","apartamenty",1
"70","apokalipsy",1
"71","arabski",1
"72","arcyksięcia",1
"73","aresztu",1
"74","armia",6
"75","armię",1
"76","armii",14
"77","artykułu",1
"78","artystką",1
"79","aryjczykiem",1
"80","arystokratyczny",1
"81","as",1
"82","asa",1
"83","asasynów",1
"84","ascezy",2
"85","astronauci",1
"86","atak",2
"87","atlantyk",1
"88","atlantyku",1
"89","atomowej",1
"90","attyla",1
"91","august",1
"92","augusta",2
"93","auschwitz",5
"94","auschwitzbirkenau",1
"95","austrio",1
"96","auta",1
"97","autokastracja",1
"98","awanturnicy",1
"99","azja",1
"100","aztekowie",1
"101","azteków",2
"102","baba",2
"103","babcie",1
"104","babie",1
"105","badaberze",1
"106","bagietka",1
"107","bagietki",1
"108","bajka",1
"109","bajką",1
"110","bajkowe",1
"111","bale",1
"112","bali",2
"113","bandyci",1
"114","bandytyzm",1
"115","banitów",1
"116","bankructwa",2
"117","baranek",1
"118","barbara",1
"119","barbary",1
"120","barbarzyńcami",1
"121","barbarzyństwo",1
"122","bartoszewski",1
"123","bastylii",1
"124","baśka",1
"125","baśnie",1
"126","batory",1
"127","bawili",1
"128","bawiono",1
"129","beksą",1
"130","belgijski",1
"131","belgijskie",1
"132","benzyna",1
"133","berezie",1
"134","berezy",1
"135","beria",1
"136","berlin",1
"137","berlinem",1
"138","berlingowiec",1
"139","berlinie",2
"140","bestia",1
"141","bestie",1
"142","betlejemska",1
"143","bez",3
"144","bezlitośni",1
"145","bezpieczny",1
"146","bezpieka",1
"147","bezrobotny",1
"148","bezwzględnej",1
"149","bezzębni",1
"150","będę",1
"151","będziesz",1
"152","bękart",1
"153","bękartem",1
"154","bękartów",1
"155","białego",1
"156","białorusi",1
"157","białorusini",1
"158","białych",2
"159","białym",1
"160","biedakiem",1
"161","biedny",1
"162","biegun",1
"163","bierut",1
"164","bieruta",1
"165","bigamistą",1
"166","bili",1
"167","biła",1
"168","biologiczna",1
"169","biskupowi",1
"170","bite",1
"171","bitwa",2
"172","bitwą",1
"173","bitwę",1
"174","bitwie",1
"175","bitwy",1
"176","biurokrację",1
"177","bizancjum",1
"178","bizantyjskim",1
"179","bizantyjsku",1
"180","biznes",2
"181","blitzkrieg",2
"182","blondynki",1
"183","błąd",1
"184","błękitną",1
"185","boga",1
"186","bogowie",1
"187","bogów",2
"188","bogu",2
"189","bohater",2
"190","bohaterami",1
"191","bohaterem",1
"192","bohaterki",1
"193","bohaterowie",6
"194","bohaterskiego",1
"195","boisz",1
"196","bojowe",4
"197","boksera",1
"198","boku",1
"199","bolesław",5
"200","bolesława",6
"201","boli",1
"202","bolszewickich",1
"203","bolszewicy",1
"204","bombami",1
"205","bombardują",1
"206","bombie",1
"207","bombowe",1
"208","bona",3
"209","bonaparte",1
"210","bonda",1
"211","bony",2
"212","borgii",2
"213","boska",1
"214","boso",1
"215","boże",2
"216","bóg",1
"217","ból",1
"218","bólu",1
"219","bórkomorowski",1
"220","braci",1
"221","brać",1
"222","brakowało",1
"223","brawurowa",1
"224","brazylii",1
"225","brązu",1
"226","breżniew",1
"227","brokułów",1
"228","broni",4
"229","broniący",1
"230","broń",9
"231","browningami",1
"232","brud",2
"233","bruderferajn",1
"234","brudni",1
"235","brudny",1
"236","brugii",1
"237","brutalna",1
"238","brutalne",1
"239","brutalnie",1
"240","brygady",1
"241","brytania",1
"242","brytanii",1
"243","brytyjczycy",1
"244","brytyjczykom",1
"245","brytyjczyków",1
"246","brytyjski",3
"247","brytyjskich",2
"248","brytyjskie",2
"249","brytyjskiej",2
"250","brytyjsku",1
"251","brzydali",1
"252","brzydka",2
"253","budda",1
"254","budowa",2
"255","budować",1
"256","budowniczego",1
"257","buduje",1
"258","bujda",1
"259","bum",1
"260","bunkrze",1
"261","bunt",3
"262","burdel",1
"263","burdele",3
"264","burzliwa",1
"265","bydło",1
"266","byłoby",1
"267","bywali",1
"268","c",1
"269","całą",2
"270","całym",1
"271","capone",1
"272","car",1
"273","carowie",1
"274","carów",1
"275","carscy",1
"276","carska",1
"277","carską",2
"278","caryca",1
"279","carycą",1
"280","casanova",1
"281","casanovy",1
"282","cassino",4
"283","castro",1
"284","cegła",1
"285","cel",2
"286","celowniku",1
"287","center",1
"288","ceny",1
"289","cenzura",2
"290","cenzurę",1
"291","cesarstwie",1
"292","cesarstwo",1
"293","cesarz",1
"294","chalchyn",1
"295","chanel",1
"296","chazarowie",1
"297","chcą",1
"298","chcesz",7
"299","chcę",1
"300","chciał",4
"301","chciałaś",1
"302","chciałbyś",4
"303","chciało",1
"304","chciały",1
"305","chcieli",3
"306","che",1
"307","chiński",2
"308","chińskim",1
"309","chińsku",1
"310","chociażby",1
"311","chodziliśmy",1
"312","choinkowych",1
"313","chorążego",1
"314","choroby",1
"315","chrobrego",6
"316","chrobry",4
"317","chruszczowa",1
"318","chrzcili",1
"319","chrzest",1
"320","chrzestny",1
"321","chrześcijaninem",1
"322","chrztu",1
"323","churchill",4
"324","chwilach",1
"325","chwyta",1
"326","cia",1
"327","ciąża",2
"328","ciążę",1
"329","ciche",1
"330","cichociemni",2
"331","ciekawszego",1
"332","ciemne",1
"333","ciemność",1
"334","cieniu",2
"335","cierpienie",1
"336","ciesz",1
"337","cieśniną",1
"338","ciężarne",1
"339","ciężkie",1
"340","cmentarnymi",1
"341","cmentarzami",1
"342","coco",1
"343","codzienne",1
"344","codziennie",1
"345","cosa",1
"346","córek",1
"347","córką",1
"348","cross",1
"349","crusoe",1
"350","cud",1
"351","cudem",2
"352","cudzołożnicy",1
"353","cukier",1
"354","cukru",1
"355","curieskłodowska",1
"356","cyganie",1
"357","cyngle",1
"358","cyrk",1
"359","cywilów",1
"360","czarne",1
"361","czarnego",1
"362","czarni",1
"363","czarny",3
"364","czarownica",1
"365","czarownice",3
"366","czary",1
"367","czas",1
"368","czasach",4
"369","czasie",4
"370","czasów",1
"371","czaszek",1
"372","czech",1
"373","czechosłowacja",1
"374","czego",5
"375","czernienko",1
"376","czerwcu",2
"377","czerwiec",1
"378","czerwone",1
"379","czerwonej",2
"380","czerwoni",1
"381","czerwonoarmiści",1
"382","czerwonych",1
"383","czerwonym",1
"384","czesi",1
"385","czesku",1
"386","często",1
"387","część",1
"388","człowiek",5
"389","człowieka",2
"390","czołgi",3
"391","czołgiem",1
"392","czołgistów",2
"393","czołgów",1
"394","czołgu",1
"395","czterech",2
"396","cztery",1
"397","czterysta",1
"398","czterystu",2
"399","czym",2
"400","czyn",1
"401","czysto",1
"402","ćwierć",1
"403","da",2
"404","dać",2
"405","dajcie",1
"406","daleki",1
"407","dali",1
"408","dał",1
"409","damą",1
"410","damy",1
"411","dar",1
"412","darwina",1
"413","datę",1
"414","davies",1
"415","dawali",1
"416","dawnego",1
"417","dawnej",4
"418","dawniej",4
"419","dawnych",2
"420","dawnym",2
"421","dąbrówka",1
"422","dday",1
"423","decyduje",1
"424","defetyzm",1
"425","delegacji",1
"426","demaskujemy",1
"427","demokracji",1
"428","demokratyczny",1
"429","demony",1
"430","denazyfikacja",1
"431","despotki",1
"432","destalinizację",1
"433","deutsche",1
"434","dewiantów",1
"435","dezercja",1
"436","diabeł",1
"437","diablice",1
"438","diecie",1
"439","dinozaury",1
"440","disneyland",1
"441","dni",1
"442","dobrawa",2
"443","dobrawy",1
"444","dobrą",1
"445","dobrego",1
"446","dobry",2
"447","dobrych",1
"448","dod",1
"449","dokładnie",2
"450","dokument",1
"451","dolarów",3
"452","dolary",1
"453","dom",2
"454","domestos",1
"455","domowego",1
"456","domowej",3
"457","domowym",1
"458","domu",1
"459","donosiciel",1
"460","donosicielstwa",1
"461","dopłacali",1
"462","dopłacić",1
"463","doprowadził",3
"464","dorabiali",1
"465","dorobek",1
"466","dorosłych",1
"467","dosiadały",1
"468","dosłownie",2
"469","dostał",1
"470","dostałbyś",1
"471","doszło",2
"472","dowcip",3
"473","dowiedz",1
"474","dowodów",1
"475","dowody",1
"476","dowódca",1
"477","dowódcy",1
"478","dowództwo",1
"479","drakuli",2
"480","dranie",1
"481","drapanie",1
"482","dreamteam",1
"483","drinki",1
"484","drobna",1
"485","drobny",1
"486","droga",1
"487","drogach",1
"488","drogą",1
"489","drogo",1
"490","drożdży",1
"491","droższy",1
"492","druga",1
"493","drugiej",1
"494","du",1
"495","dubrawka",1
"496","duczka",1
"497","düsseldorfu",1
"498","dworach",2
"499","dworze",1
"500","dwóch",1
"501","dwudziestu",1
"502","dygnitarze",1
"503","dyktator",2
"504","dyktatora",3
"505","dyktatorem",1
"506","dyktatorów",3
"507","dyktatorzy",1
"508","dynastii",2
"509","dyplomata",1
"510","dyplomatów",1
"511","dyplomaty",1
"512","dyplomatyczne",1
"513","dyskusji",1
"514","dywanowy",2
"515","dywersanci",1
"516","dywizja",1
"517","dywizji",1
"518","dziadek",1
"519","dziadkiem",1
"520","dziadkowie",2
"521","działa",1
"522","działały",2
"523","działce",1
"524","dzieci",11
"525","dzieciństwo",3
"526","dzieciobójstwo",1
"527","dzieckiem",1
"528","dziecko",1
"529","dziecku",1
"530","dziedziczyły",1
"531","dziedzinie",1
"532","dziejach",3
"533","dzieje",2
"534","dzielnica",1
"535","dziennikarstwo",1
"536","dzień",5
"537","dzierzbicki",1
"538","dzierżyński",1
"539","dzierżyńskiego",1
"540","dziesiątki",1
"541","dziewczyny",2
"542","dziewicą",1
"543","dziewice",1
"544","dziewictwo",1
"545","dziewięciu",1
"546","dzięki",6
"547","dziękować",1
"548","dziki",1
"549","dzikie",1
"550","dzisiejszych",2
"551","dziur",1
"552","dziwaczne",1
"553","dziwak",1
"554","dziwne",1
"555","dżihad",1
"556","dżumę",1
"557","edison",1
"558","edisonowie",1
"559","edukacji",1
"560","egipcie",2
"561","egipcjan",1
"562","egipskie",1
"563","egipskiej",1
"564","egzekucje",1
"565","egzekutora",1
"566","egzekutorach",1
"567","ekipą",1
"568","ekscesy",1
"569","ekspertów",1
"570","eksperymenty",1
"571","eksport",1
"572","eksterminację",1
"573","eksterminacji",1
"574","eldorado",1
"575","elektryczne",1
"576","elektrycznym",1
"577","elfy",1
"578","elitarnej",1
"579","elity",1
"580","elon",1
"581","elżbieta",1
"582","emaliowane",1
"583","emerytowany",1
"584","emeryturze",1
"585","epizod",4
"586","epoki",1
"587","ernest",1
"588","erotyczne",5
"589","esbeckie",1
"590","esesmanów",1
"591","europejczycy",1
"592","europejczykach",1
"593","europejczyków",1
"594","europę",1
"595","europie",3
"596","europy",5
"597","eutanazji",1
"598","f",1
"599","fabrykantki",1
"600","faktów",1
"601","falklandy",1
"602","fanaberia",1
"603","farbowane",1
"604","faszystów",1
"605","faszyzmu",1
"606","fatale",1
"607","fekalia",1
"608","feldmarszałek",1
"609","feliks",1
"610","feliksa",1
"611","feministki",1
"612","femme",1
"613","fenicjanie",1
"614","fenomen",1
"615","festung",1
"616","fetyszystki",1
"617","fidela",1
"618","film",1
"619","filmowcy",1
"620","filmów",2
"621","filmu",1
"622","finał",1
"623","finansowym",1
"624","fochy",1
"625","folksdojczów",1
"626","fortuna",1
"627","fortuną",1
"628","fortunę",1
"629","forum",1
"630","francji",7
"631","francuska",1
"632","francuską",1
"633","francuski",1
"634","francuskie",1
"635","francuskiego",1
"636","francuskimi",1
"637","francusku",1
"638","francuzek",1
"639","francuzi",3
"640","francuzów",2
"641","frank",1
"642","franka",1
"643","frankensteina",1
"644","freuda",1
"645","friedrich",1
"646","froncie",3
"647","front",1
"648","frontach",1
"649","frontu",1
"650","fryzjerów",2
"651","führer",1
"652","für",1
"653","futbol",1
"654","futrzaki",1
"655","futrze",1
"656","gafy",1
"657","gajowy",1
"658","galeria",1
"659","galicyjskie",1
"660","gall",1
"661","gangstera",2
"662","gangsterami",1
"663","gangsterskich",1
"664","garniturze",1
"665","garnki",1
"666","garstka",1
"667","gazecie",1
"668","gazety",1
"669","gdakają",1
"670","gdańsk",2
"671","gdyni",1
"672","gej",1
"673","gejów",1
"674","genach",2
"675","generalissimusem",1
"676","generała",2
"677","generałowie",1
"678","generałów",1
"679","geniusze",2
"680","geniuszy",1
"681","geometria",1
"682","germanowie",1
"683","gestapo",3
"684","getcie",1
"685","gębą",1
"686","gimnazjalista",1
"687","ginekolożki",1
"688","ginęły",1
"689","gladiatorzy",1
"690","głodni",1
"691","głodowali",1
"692","głosem",1
"693","głosili",1
"694","głosowałby",1
"695","głosują",1
"696","głośno",1
"697","głowa",1
"698","głową",2
"699","głowę",2
"700","głowie",1
"701","głowy",1
"702","głód",2
"703","głównej",1
"704","głupi",1
"705","głupiec",1
"706","gmach",1
"707","gniew",2
"708","gniezna",1
"709","gniezno",1
"710","go",11
"711","godne",1
"712","godny",1
"713","godzinę",1
"714","gol",1
"715","golasa",1
"716","golibrodę",1
"717","gołąb",1
"718","goły",1
"719","gomułka",1
"720","göring",1
"721","gorsi",1
"722","gorszym",1
"723","gorzałką",1
"724","gorzej",1
"725","gospodarczy",1
"726","gotowi",1
"727","górali",1
"728","góralski",1
"729","górnika",1
"730","gówniana",1
"731","grabią",1
"732","grają",1
"733","grali",1
"734","granicą",1
"735","graniczna",1
"736","grecji",1
"737","grecku",1
"738","grimm",1
"739","grobowca",1
"740","grodnie",1
"741","grom",1
"742","gromią",1
"743","groupies",1
"744","groziło",3
"745","grunwald",1
"746","grupie",1
"747","gruzach",1
"748","grzech",1
"749","guderianem",1
"750","guevary",1
"751","gułagu",1
"752","gumowe",1
"753","gustloffa",1
"754","gwałciciele",3
"755","gwałcić",1
"756","gwałcone",1
"757","gwałt",1
"758","gwałtem",1
"759","gwałty",5
"760","gwiazd",1
"761","gwiazda",1
"762","gwiazdkę",1
"763","gwiezdne",1
"764","habsburgów",1
"765","habsburskiej",2
"766","halinek",1
"767","handlowali",1
"768","haniebna",1
"769","haniebne",1
"770","hansa",1
"771","harem",1
"772","harlequiny",1
"773","heinricha",1
"774","hektarów",2
"775","helena",1
"776","helski",1
"777","hemingway",1
"778","henryk",1
"779","henryka",1
"780","herbatka",1
"781","herman",1
"782","herr",1
"783","hess",1
"784","hetman",1
"785","hienami",1
"786","higiena",1
"787","himmlera",1
"788","hipoteki",1
"789","historia",19
"790","historie",3
"791","historię",3
"792","historii",14
"793","historyczna",1
"794","historyczne",1
"795","historyczny",3
"796","historyk",3
"797","historyka",1
"798","hiszpańskiej",2
"799","hitler",15
"800","hitlera",18
"801","hitlerem",2
"802","hitlerowcami",1
"803","hitlerowców",2
"804","hitlerowcy",1
"805","hity",1
"806","hoc",1
"807","holandii",1
"808","hollywood",1
"809","hollywoodzką",1
"810","holmes",1
"811","holmesa",1
"812","holocaust",1
"813","holocaustu",1
"814","holokaust",2
"815","homofobka",1
"816","homoseksualista",1
"817","homoseksualne",1
"818","hrabiego",1
"819","hunowie",1
"820","husarski",1
"821","husarza",1
"822","hydraulik",1
"823","ibizy",1
"824","idealne",2
"825","idealny",1
"826","idee",1
"827","idioci",1
"828","idzie",1
"829","ignacy",1
"830","igrzyska",1
"831","ii",25
"832","iii",8
"833","ilu",3
"834","imały",1
"835","imienia",1
"836","imieniem",1
"837","imię",6
"838","imigrantom",1
"839","imperializm",1
"840","imperium",8
"841","impotentów",1
"842","imprezowała",1
"843","imprezując",1
"844","inaczej",1
"845","indianie",1
"846","indii",1
"847","inicjacja",1
"848","inkwizycji",1
"849","inni",2
"850","instynkt",1
"851","insygnia",1
"852","internet",2
"853","intryga",1
"854","inwazja",1
"855","inżynierii",1
"856","irackiego",1
"857","irak",1
"858","iron",1
"859","islamowi",1
"860","islamu",1
"861","islandii",1
"862","istniał",4
"863","istniała",4
"864","istnieli",2
"865","iv",1
"866","iwo",1
"867","izraela",1
"868","izraelem",1
"869","izraelskiego",1
"870","jadali",1
"871","jadano",1
"872","jadła",1
"873","jadły",1
"874","jadowitych",1
"875","jadwiga",1
"876","jaga",1
"877","jagiellonicum",1
"878","jagiellonki",1
"879","jagiellonowie",2
"880","jagiellonów",2
"881","jagiellończyk",1
"882","jagiellońska",1
"883","jagiełło",2
"884","jagiełły",1
"885","jaja",1
"886","jajecznica",1
"887","jaka",1
"888","jaką",1
"889","jakim",3
"890","jakub",1
"891","jakuba",1
"892","jakubem",1
"893","jałtańska",1
"894","jan",1
"895","jana",1
"896","janka",1
"897","japończykami",1
"898","japończyków",1
"899","japońskich",1
"900","jaruzelskiego",1
"901","jaskinie",1
"902","jedli",2
"903","jedną",1
"904","jednego",2
"905","jednej",1
"906","jednocześnie",1
"907","jednostki",1
"908","jednym",3
"909","jedwabnem",1
"910","jedyne",1
"911","jedyny",3
"912","jedzie",1
"913","jenieckich",1
"914","jeńcach",1
"915","jeńców",4
"916","jerozolimy",1
"917","jesteś",5
"918","jesteśmy",1
"919","jeść",3
"920","jezuitów",1
"921","jezus",1
"922","jeździli",1
"923","jeździło",1
"924","jeźdźcy",1
"925","język",1
"926","jima",1
"927","john",2
"928","jork",1
"929","józef",1
"930","józefa",3
"931","judaizm",2
"932","kaci",2
"933","kadrówki",2
"934","kaina",1
"935","kakao",1
"936","kalafior",1
"937","kali",1
"938","kamasutra",1
"939","kamieniu",1
"940","kamikadze",1
"941","kamikaze",1
"942","kampania",1
"943","kampanię",1
"944","kampanii",3
"945","kampf",1
"946","kanalizacja",1
"947","kanały",1
"948","kangur",1
"949","kangurami",1
"950","kanibale",1
"951","kanibalizm",1
"952","kanibalizmu",1
"953","kapitalizmem",1
"954","kapitan",1
"955","kapitulacji",1
"956","kapralem",1
"957","kapustę",1
"958","karaibach",1
"959","karaibów",1
"960","karaluchy",1
"961","karczochy",1
"962","kariera",1
"963","karierę",1
"964","kariery",1
"965","karły",1
"966","karola",1
"967","karpackiej",1
"968","kart",1
"969","kartki",1
"970","kartuskiej",2
"971","karty",1
"972","kary",1
"973","kasia",1
"974","kaszanka",1
"975","kata",1
"976","katarzyna",4
"977","katarzyny",1
"978","katastrofa",1
"979","katastrofy",1
"980","katolicyzm",1
"981","katolik",1
"982","katowski",1
"983","katyniu",3
"984","katyń",1
"985","kawalerii",1
"986","kawalerzystów",1
"987","kawał",1
"988","kawały",1
"989","kawior",1
"990","kazać",1
"991","kazał",2
"992","kazanie",1
"993","kazirodcy",1
"994","kazirodcza",1
"995","kazirodczy",1
"996","kazirodztwo",1
"997","kennedy",1
"998","kgb",2
"999","kibel",1
"1000","kiblu",1
"1001","kidon",1
"1002","kiedyś",1
"1003","kielichy",1
"1004","kierowcy",2
"1005","kilimandżaro",1
"1006","kilku",2
"1007","kilkuletnie",1
"1008","kilogram",1
"1009","kim",6
"1010","kioskarz",1
"1011","kiszczaka",2
"1012","kitlu",1
"1013","klątwa",1
"1014","klątwy",1
"1015","kleopatra",1
"1016","kleru",1
"1017","klęsce",1
"1018","klęskę",1
"1019","klientek",1
"1020","kloss",1
"1021","kłamał",2
"1022","kłamie",2
"1023","kłamstwo",6
"1024","kobieca",1
"1025","kobieciarz",1
"1026","kobiecy",1
"1027","kobiet",8
"1028","kobieta",5
"1029","kobietach",2
"1030","kobietę",2
"1031","kobietom",1
"1032","kobiety",11
"1033","kochała",1
"1034","kochanek",2
"1035","kochanie",1
"1036","kochankiem",1
"1037","kochankowie",1
"1038","kocich",1
"1039","kod",1
"1040","kodeks",1
"1041","kokainę",1
"1042","kokainie",1
"1043","kokosa",1
"1044","kolaborant",1
"1045","kolaborujące",1
"1046","kolację",1
"1047","kolanach",1
"1048","kolega",1
"1049","kolejny",1
"1050","kolejowej",1
"1051","kolonia",1
"1052","kolonią",1
"1053","kolonii",1
"1054","kolor",1
"1055","koloseum",1
"1056","kolumban",1
"1057","kolumna",1
"1058","kołobanow",1
"1059","komando",2
"1060","komandosi",4
"1061","komandosów",1
"1062","kometę",1
"1063","komis",1
"1064","komórka",1
"1065","kompromitacja",1
"1066","komputer",1
"1067","komunistami",1
"1068","komunistów",2
"1069","komunistyczna",1
"1070","komunistycznej",1
"1071","komuniści",1
"1072","komunizmu",1
"1073","komuny",2
"1074","koncentracyjny",1
"1075","koncentracyjnych",1
"1076","konferencja",1
"1077","konfucjusza",1
"1078","koniak",1
"1079","konie",1
"1080","konsekwencji",1
"1081","konspiracja",1
"1082","konstantin",1
"1083","kontra",1
"1084","kontratakuje",1
"1085","kontroli",1
"1086","kontynencie",1
"1087","konwersji",1
"1088","koń",2
"1089","końce",1
"1090","kopciuszek",1
"1091","kopiejek",1
"1092","koppe",1
"1093","korea",2
"1094","korekta",1
"1095","koronerów",1
"1096","koronę",1
"1097","korony",1
"1098","korporacja",1
"1099","korsarze",1
"1100","korsuniem",1
"1101","korzystają",1
"1102","korzystał",1
"1103","kosa",1
"1104","kosą",1
"1105","kosmos",2
"1106","kosza",1
"1107","koszmar",1
"1108","koszmarny",1
"1109","kosztowała",2
"1110","kosztowało",1
"1111","kosztowały",1
"1112","kosztuje",1
"1113","kościele",1
"1114","kościoła",2
"1115","kościuszko",1
"1116","kot",1
"1117","kota",2
"1118","kotów",2
"1119","koty",2
"1120","kółkach",1
"1121","kpinę",1
"1122","kradły",1
"1123","kradzież",1
"1124","kradzieży",2
"1125","krajowa",3
"1126","krajowej",11
"1127","krakau",1
"1128","krakowa",2
"1129","krakowem",1
"1130","krakowie",3
"1131","krakowska",1
"1132","krakowskiego",1
"1133","krakowskiej",1
"1134","krakowskim",1
"1135","kraków",4
"1136","krągłości",1
"1137","krążowniki",1
"1138","kredytychwilówki",1
"1139","kremlowskiej",1
"1140","kres",1
"1141","krew",4
"1142","krętactwa",1
"1143","kroił",1
"1144","krok",1
"1145","król",11
"1146","króla",9
"1147","królami",1
"1148","królem",2
"1149","królestwo",1
"1150","królewicz",1
"1151","królewska",2
"1152","królewskie",1
"1153","królewskiej",1
"1154","królewskim",1
"1155","królowej",4
"1156","królowie",1
"1157","królów",2
"1158","krótka",4
"1159","krótkie",1
"1160","krucjat",1
"1161","krüger",1
"1162","krwawa",2
"1163","krwawe",1
"1164","krwawy",1
"1165","krwawym",1
"1166","krwi",1
"1167","krwią",1
"1168","krwiopijców",2
"1169","kryjącym",1
"1170","kryjomu",1
"1171","kryminaliści",1
"1172","kryminalna",1
"1173","krysia",1
"1174","księdza",2
"1175","księdzem",1
"1176","księstwie",1
"1177","księża",1
"1178","księżna",2
"1179","księżnej",1
"1180","księżniczkę",1
"1181","księżniczki",3
"1182","kształt",1
"1183","którą",1
"1184","któremu",2
"1185","kuba",1
"1186","kubańscy",1
"1187","kubańska",1
"1188","kubraku",1
"1189","kuchni",2
"1190","kuchnia",2
"1191","kuchnię",1
"1192","kula",1
"1193","kulcie",1
"1194","kulczyk",1
"1195","kule",1
"1196","kuli",1
"1197","kulisy",1
"1198","kultura",1
"1199","kultury",1
"1200","kupić",1
"1201","kupiłeś",1
"1202","kupuj",1
"1203","kupy",1
"1204","kurierów",1
"1205","kurnik",1
"1206","kurs",1
"1207","kwasem",1
"1208","kwiecie",1
"1209","l",1
"1210","la",1
"1211","lampami",1
"1212","lampek",1
"1213","lata",3
"1214","latach",1
"1215","latarni",1
"1216","ląd",1
"1217","leci",1
"1218","leciwe",1
"1219","legenda",1
"1220","legendy",1
"1221","legion",2
"1222","legionista",1
"1223","legionistach",1
"1224","legioniści",1
"1225","legioniście",1
"1226","legionowa",1
"1227","lekarstwem",1
"1228","lekarstwo",3
"1229","lekarze",1
"1230","lekcjach",1
"1231","lekkie",1
"1232","lektura",1
"1233","lenin",1
"1234","lenina",1
"1235","leningradzie",1
"1236","leningradzki",1
"1237","lennicy",1
"1238","leonardo",2
"1239","leonid",1
"1240","lepsze",1
"1241","lepszego",1
"1242","lesbijka",1
"1243","lesbijskie",1
"1244","leszczyńskiej",1
"1245","leśnych",1
"1246","letnie",1
"1247","lew",1
"1248","leżaki",1
"1249","leżąco",1
"1250","liberia",1
"1251","liczeniu",1
"1252","liczyć",3
"1253","liczył",1
"1254","liderem",1
"1255","likwidacja",1
"1256","linii",2
"1257","lipny",1
"1258","lisa",2
"1259","lisowczycy",1
"1260","lisowczyka",1
"1261","litwie",1
"1262","lochy",1
"1263","lodowym",1
"1264","lodówek",1
"1265","lokatora",1
"1266","lorenz",1
"1267","los",3
"1268","losach",1
"1269","losie",2
"1270","losy",2
"1271","loterię",1
"1272","lotnictwa",1
"1273","lotnictwo",1
"1274","lotnicy",1
"1275","lotnisku",1
"1276","lozańskiego",1
"1277","lubić",1
"1278","lubisz",1
"1279","lud",1
"1280","ludobójcze",1
"1281","ludowej",2
"1282","ludwik",1
"1283","ludzi",3
"1284","ludzie",5
"1285","ludziki",1
"1286","ludzkich",1
"1287","ludzkiej",2
"1288","ludzkim",1
"1289","ludzkość",1
"1290","lufami",1
"1291","luftwaffe",1
"1292","luke",1
"1293","lukrecji",2
"1294","luksusowe",1
"1295","lustereczko",1
"1296","lustra",1
"1297","lustracja",1
"1298","luter",1
"1299","luwr",1
"1300","luwru",1
"1301","luwrze",1
"1302","lwowa",1
"1303","lwowie",1
"1304","lwów",1
"1305","łacińskiej",1
"1306","łagiernicy",1
"1307","łagrów",1
"1308","łagrze",1
"1309","łajdacy",1
"1310","łamania",1
"1311","łaskawy",1
"1312","łatwo",1
"1313","łatwowierny",1
"1314","ławrientij",1
"1315","łączniczki",1
"1316","łącznik",1
"1317","łeb",1
"1318","łechtaczki",1
"1319","łokietka",1
"1320","łokocka",1
"1321","łowcach",1
"1322","łowcy",1
"1323","łowczyni",1
"1324","łożu",1
"1325","łóżku",2
"1326","łukaszenka",1
"1327","łukaszenki",1
"1328","łupią",1
"1329","łupiły",1
"1330","łzy",1
"1331","machiny",1
"1332","machlojkom",1
"1333","macocha",1
"1334","maczka",1
"1335","mad",1
"1336","madagaskar",1
"1337","mae",1
"1338","mafijne",2
"1339","mafioso",1
"1340","magiczne",1
"1341","maginota",1
"1342","magnaci",1
"1343","maja",1
"1344","majowego",1
"1345","majowy",1
"1346","makabryczna",1
"1347","makabryczne",1
"1348","makabryczny",2
"1349","malarzem",1
"1350","malarzu",1
"1351","maleństwa",1
"1352","mali",1
"1353","malucha",1
"1354","mała",1
"1355","małoletnich",1
"1356","małżeńska",2
"1357","mama",2
"1358","maminsynkiem",1
"1359","mamona",1
"1360","mamy",6
"1361","managera",1
"1362","mao",1
"1363","mapy",1
"1364","maradony",1
"1365","marcin",1
"1366","maria",1
"1367","marii",1
"1368","marines",1
"1369","marionetki",1
"1370","marita",1
"1371","marshall",1
"1372","marsz",2
"1373","marszałek",2
"1374","marynarskie",1
"1375","marynarzowi",1
"1376","marynarzy",1
"1377","marysieńki",1
"1378","marzec",1
"1379","marzysz",1
"1380","maskowe",1
"1381","masonach",1
"1382","masowe",1
"1383","masowym",2
"1384","masturbacji",1
"1385","masztu",1
"1386","matek",1
"1387","matka",2
"1388","max",1
"1389","mazowieckich",1
"1390","mąż",2
"1391","medycyna",1
"1392","medycyny",1
"1393","mein",1
"1394","meksyku",1
"1395","menedżer",1
"1396","merlin",1
"1397","mesjasz",1
"1398","metod",2
"1399","metody",3
"1400","mewy",1
"1401","męska",1
"1402","męskie",1
"1403","męża",4
"1404","mężczyzna",1
"1405","mężczyzną",2
"1406","mężczyznę",1
"1407","mężczyźni",2
"1408","mężów",2
"1409","miał",10
"1410","miała",3
"1411","miało",2
"1412","miasta",2
"1413","miastem",3
"1414","miasto",6
"1415","mickiewicza",1
"1416","miecz",1
"1417","mieć",1
"1418","miejsc",1
"1419","miejsca",1
"1420","mieli",6
"1421","mieliśmy",3
"1422","mierzeniu",1
"1423","miesięcy",1
"1424","mieszka",2
"1425","mieszkaniu",1
"1426","mieszkańcach",1
"1427","mieszkańcy",1
"1428","mieszko",2
"1429","mieścinę",1
"1430","międzywojennej",2
"1431","mięsna",1
"1432","migdałków",1
"1433","mikołaj",2
"1434","mikołajem",1
"1435","miliarderem",1
"1436","miliardów",1
"1437","miliardy",2
"1438","milion",1
"1439","milionów",3
"1440","miliony",2
"1441","miłosne",2
"1442","miłosny",1
"1443","miłości",1
"1444","miłość",2
"1445","ministra",1
"1446","minowym",1
"1447","minut",2
"1448","minuty",1
"1449","mińska",1
"1450","misja",2
"1451","misjonarskiej",1
"1452","mistrza",2
"1453","mistrzowie",1
"1454","miś",1
"1455","mit",2
"1456","mitologii",1
"1457","mityczny",1
"1458","mławą",1
"1459","młode",1
"1460","młodości",1
"1461","młodość",2
"1462","młody",1
"1463","młodych",1
"1464","młot",1
"1465","młyna",1
"1466","mnisi",1
"1467","mocarstwem",1
"1468","mocno",1
"1469","mocnych",1
"1470","moda",2
"1471","mody",2
"1472","mogła",4
"1473","mogło",1
"1474","mogłoby",1
"1475","molestowany",1
"1476","mona",1
"1477","monarszych",1
"1478","mongołowie",1
"1479","monopole",1
"1480","monopolowego",1
"1481","montbard",1
"1482","monte",4
"1483","montgomery",1
"1484","montgomeryego",1
"1485","moralności",1
"1486","morderca",4
"1487","mordercą",2
"1488","mordercy",4
"1489","mordercze",1
"1490","morderczy",3
"1491","morderczynie",1
"1492","morderstwa",2
"1493","morderstwo",1
"1494","mordować",1
"1495","mordowali",3
"1496","mordował",1
"1497","mordowały",1
"1498","mordy",1
"1499","mordzie",1
"1500","morski",2
"1501","morskiej",1
"1502","morzach",1
"1503","morze",1
"1504","morzu",1
"1505","moskala",1
"1506","moskiewska",2
"1507","moskiewski",1
"1508","moskiewskim",1
"1509","moskwie",2
"1510","mossadu",2
"1511","mostów",1
"1512","mości",1
"1513","mościcki",1
"1514","motłoch",1
"1515","możesz",1
"1516","możliwy",1
"1517","mógł",3
"1518","mógłby",1
"1519","mówi",1
"1520","mówią",1
"1521","mówić",1
"1522","mówilibyśmy",1
"1523","mózgi",1
"1524","mrozi",1
"1525","mroźne",1
"1526","mruczące",1
"1527","msz",1
"1528","mściciele",1
"1529","muły",1
"1530","mumie",1
"1531","mumii",1
"1532","mundiali",1
"1533","mundurach",3
"1534","murarzem",1
"1535","murmańska",1
"1536","mury",1
"1537","murzyni",1
"1538","murzynów",2
"1539","murzyńskie",1
"1540","musiał",3
"1541","musiały",1
"1542","musisz",2
"1543","musk",1
"1544","mussolini",2
"1545","mussoliniego",1
"1546","mussolinim",1
"1547","muzułmanie",1
"1548","muzycy",1
"1549","muzyka",1
"1550","myciu",1
"1551","myli",2
"1552","myślał",1
"1553","myśliwców",1
"1554","myśliwcy",1
"1555","nabrali",1
"1556","naczelny",1
"1557","naftowej",1
"1558","naftowymi",1
"1559","nagrody",1
"1560","naiwnych",1
"1561","najbardziej",13
"1562","najbliższy",1
"1563","najciekawsi",1
"1564","najgłośniejsza",1
"1565","najgłośniejsze",1
"1566","najgłupszy",1
"1567","najgorsi",3
"1568","najgorsza",1
"1569","najgorsze",1
"1570","najgorszy",1
"1571","najgorszych",2
"1572","najlepsi",1
"1573","najlepszą",1
"1574","najlepsze",1
"1575","najlepszy",2
"1576","najlepszych",2
"1577","najlepszym",1
"1578","najłatwiej",1
"1579","najmłodszych",1
"1580","najniebezpieczniejszy",2
"1581","najpotężniejszym",1
"1582","najprawdziwszego",1
"1583","najsłynniejsi",1
"1584","najsłynniejsza",1
"1585","najsłynniejszego",1
"1586","najsłynniejszy",1
"1587","najsłynniejszych",1
"1588","najstarszy",1
"1589","najstraszniejsza",1
"1590","najtrudniejszy",1
"1591","najważniejszy",1
"1592","najważniejszym",1
"1593","najwięksi",2
"1594","największa",1
"1595","największą",1
"1596","największe",2
"1597","największy",10
"1598","największych",1
"1599","najwyższa",3
"1600","nalot",3
"1601","nałożnic",1
"1602","napalm",1
"1603","napisał",1
"1604","napoleon",4
"1605","napoleona",1
"1606","napotkanych",1
"1607","naprawdę",39
"1608","naprostować",1
"1609","narodowy",1
"1610","narodów",2
"1611","narodu",1
"1612","narodzenie",2
"1613","narodzinami",1
"1614","narodziny",1
"1615","naród",2
"1616","narządu",1
"1617","narzeczony",1
"1618","narzekasz",1
"1619","następcę",1
"1620","nastolatek",1
"1621","nastolatki",1
"1622","naszej",1
"1623","naśladowcy",1
"1624","nauczycie",1
"1625","nauczyli",2
"1626","nauki",1
"1627","nawóz",1
"1628","nazista",1
"1629","nazistami",3
"1630","nazistą",1
"1631","nazistom",2
"1632","nazistowski",2
"1633","nazistowskie",1
"1634","nazistowskim",1
"1635","nazistów",3
"1636","naziści",6
"1637","nazwać",1
"1638","nazwiska",1
"1639","ne",1
"1640","nekromantą",1
"1641","nerwach",2
"1642","nędzarzy",1
"1643","niczym",2
"1644","nieba",1
"1645","niebezpieczna",1
"1646","niebezpieczne",1
"1647","niebie",1
"1648","niechcący",3
"1649","niechodzenie",1
"1650","niedawno",1
"1651","niedoszły",1
"1652","niedożywieniem",1
"1653","niedźwiedzia",1
"1654","niedźwiedzicażołnierka",1
"1655","niedźwiedź",1
"1656","niektórzy",1
"1657","nieletni",1
"1658","nieludzki",1
"1659","nieludzkie",1
"1660","niemal",1
"1661","niemcami",4
"1662","niemcem",1
"1663","niemcom",2
"1664","niemców",2
"1665","niemcy",13
"1666","niemczech",1
"1667","niemiec",4
"1668","niemieccy",3
"1669","niemiecka",1
"1670","niemiecki",4
"1671","niemieckich",6
"1672","niemieckie",4
"1673","niemieckim",1
"1674","niemka",1
"1675","niemowlak",1
"1676","niemowlę",1
"1677","niemowlęta",1
"1678","nienawidzący",1
"1679","nienawidzili",1
"1680","nienawiści",1
"1681","niepełnosprawni",1
"1682","nieprawomyślne",1
"1683","nierząd",1
"1684","nierządnych",1
"1685","niesamowita",1
"1686","nieślubnych",1
"1687","nietypowe",1
"1688","nieudacznik",1
"1689","nieudacznikiem",1
"1690","nieudany",1
"1691","nieudolny",1
"1692","nieustannej",1
"1693","niewdzięcznicy",1
"1694","niewiadoma",1
"1695","niewiele",1
"1696","niewielką",1
"1697","niewiniątek",1
"1698","niewinny",1
"1699","niewłaściwą",1
"1700","niewoli",2
"1701","niewolnice",1
"1702","niewolnictwa",1
"1703","niewolnicy",1
"1704","niewolnik",2
"1705","niewolnikiem",1
"1706","niewolnikowi",1
"1707","niewolników",2
"1708","niewybaczalna",1
"1709","niewygodna",1
"1710","niewykluczone",1
"1711","niezależnie",1
"1712","niezawodne",2
"1713","niezawodny",2
"1714","niezawodnych",2
"1715","nieznana",1
"1716","nieznany",1
"1717","niezręczna",1
"1718","niezręczny",1
"1719","niezwykła",3
"1720","niezwykłej",1
"1721","niezwykły",2
"1722","niezwykłych",1
"1723","nieźle",1
"1724","nikim",1
"1725","nikity",1
"1726","nikt",3
"1727","niszczycielski",1
"1728","nkwd",1
"1729","noc",1
"1730","noce",2
"1731","nocne",1
"1732","nocniki",1
"1733","nocy",1
"1734","nogi",3
"1735","normandii",1
"1736","northumbrii",1
"1737","norymberga",1
"1738","nostra",1
"1739","nową",1
"1740","nowego",1
"1741","nowożytnej",2
"1742","nowożytny",1
"1743","nowy",2
"1744","nowym",1
"1745","nożnej",1
"1746","nur",1
"1747","obalić",2
"1748","obaliła",1
"1749","obiecał",1
"1750","obiekt",1
"1751","oblężenie",1
"1752","oblężonym",1
"1753","oblicze",2
"1754","obliczu",1
"1755","obojga",2
"1756","obozie",2
"1757","obozów",2
"1758","obozu",2
"1759","obóz",2
"1760","obraz",1
"1761","obrazu",1
"1762","obrona",1
"1763","obrony",2
"1764","obrońcy",1
"1765","obrotnej",1
"1766","obsesja",1
"1767","obsłudze",1
"1768","oburzenie",1
"1769","obyczaje",1
"1770","obywateli",1
"1771","obywatelskiej",1
"1772","ocalił",2
"1773","oceanu",1
"1774","ocenie",1
"1775","ochronić",1
"1776","ochrzcił",1
"1777","oczami",3
"1778","oczy",3
"1779","oczywiście",3
"1780","odbicie",1
"1781","odbierze",1
"1782","odbijała",1
"1783","oddaj",1
"1784","oddali",1
"1785","oddał",1
"1786","oddała",1
"1787","oddały",1
"1788","oddaniem",1
"1789","oddział",1
"1790","odebrać",2
"1791","odebrał",1
"1792","odetchniesz",1
"1793","odgapia",1
"1794","odkrył",2
"1795","odkryte",1
"1796","odkrywamy",1
"1797","odnaleziono",1
"1798","odparzone",1
"1799","odpowiada",1
"1800","odpowiedziałby",1
"1801","oduczył",1
"1802","odzyskane",1
"1803","ofensywę",1
"1804","ofiar",2
"1805","ofiara",1
"1806","ofiarą",1
"1807","oficera",1
"1808","oficerowie",1
"1809","ogarniętej",1
"1810","ogień",1
"1811","ognia",1
"1812","ogniu",3
"1813","ogóle",3
"1814","ograbili",1
"1815","ogródku",1
"1816","ojciec",4
"1817","ojcowie",1
"1818","ojców",1
"1819","ojcze",1
"1820","ojczyznę",1
"1821","ojczyzny",1
"1822","okazali",1
"1823","okazji",1
"1824","okiem",1
"1825","okłamali",2
"1826","okręt",3
"1827","okrętu",2
"1828","okręty",2
"1829","okrucieństwo",1
"1830","okupacja",1
"1831","okupacją",1
"1832","okupacyjny",1
"1833","okupacyjnych",1
"1834","okupacyjnym",1
"1835","okupantem",1
"1836","okupowanej",7
"1837","okupowanym",1
"1838","olga",1
"1839","opera",1
"1840","operacja",4
"1841","operacje",1
"1842","opłacało",1
"1843","opowiadali",1
"1844","opozycyjny",1
"1845","opychali",1
"1846","ordynans",1
"1847","organista",1
"1848","orgazm",1
"1849","orp",1
"1850","orzech",1
"1851","orzeł",2
"1852","osądzone",1
"1853","osiem",1
"1854","osobliwe",2
"1855","osób",3
"1856","ostatni",4
"1857","ostatnia",1
"1858","ostatnią",1
"1859","ostatnich",1
"1860","ostatnie",2
"1861","ostępach",1
"1862","ostra",1
"1863","ostrzałem",1
"1864","oszczędna",1
"1865","oszczędności",2
"1866","oszust",1
"1867","oszuści",1
"1868","ośla",1
"1869","ośmieszyć",1
"1870","oświęcimiu",1
"1871","otaczający",1
"1872","otruć",1
"1873","otton",1
"1874","ożenić",1
"1875","ożywiania",1
"1876","p",1
"1877","pacjenci",1
"1878","pacyfikacje",1
"1879","padał",1
"1880","padły",1
"1881","pakt",1
"1882","paktu",1
"1883","pal",1
"1884","palestynie",1
"1885","palił",1
"1886","palmach",1
"1887","palmnicken",1
"1888","palnej",1
"1889","pałac",1
"1890","pałacu",2
"1891","pamięci",1
"1892","pamięta",1
"1893","pamiętać",1
"1894","pamiętnik",1
"1895","pamiętnikarze",1
"1896","pamiętniki",1
"1897","pancerniacy",1
"1898","pancerniaków",2
"1899","pancerny",2
"1900","pancernych",1
"1901","panom",1
"1902","panów",1
"1903","pantoflarza",1
"1904","pań",1
"1905","pańska",1
"1906","państwa",4
"1907","państwo",5
"1908","papierosowy",1
"1909","papież",1
"1910","papieży",1
"1911","parabellum",1
"1912","parchaci",1
"1913","parę",2
"1914","parlament",1
"1915","parszywe",1
"1916","partią",1
"1917","partię",1
"1918","partyzanci",3
"1919","paryska",1
"1920","paryskie",1
"1921","paryż",2
"1922","paryżu",2
"1923","pasa",1
"1924","pasiakach",1
"1925","patent",1
"1926","patologiczna",1
"1927","patologii",1
"1928","patriotyzm",1
"1929","patrole",1
"1930","patroni",1
"1931","pawiaka",1
"1932","pawiana",1
"1933","październikową",1
"1934","pechowe",1
"1935","pedofil",1
"1936","pedofilami",1
"1937","pedofile",2
"1938","pedofilem",1
"1939","pedofilia",2
"1940","pejcze",1
"1941","pełną",1
"1942","penisa",1
"1943","pensje",1
"1944","perscy",1
"1945","perypetie",1
"1946","pety",1
"1947","pewna",1
"1948","pewnego",2
"1949","pewnej",3
"1950","pewno",4
"1951","pharmakoi",1
"1952","piastom",1
"1953","piastowie",1
"1954","piastów",3
"1955","pidżama",1
"1956","piekle",1
"1957","piekła",1
"1958","piekło",5
"1959","pieniądze",1
"1960","pierwsi",2
"1961","pierwsza",3
"1962","pierwszą",2
"1963","pierwsze",4
"1964","pierwszej",2
"1965","pierwszy",8
"1966","pierwszych",3
"1967","pierwszym",1
"1968","pięciu",2
"1969","pięć",4
"1970","pięknym",1
"1971","pigułki",1
"1972","pijak",1
"1973","pijaku",1
"1974","pijane",2
"1975","pijani",1
"1976","pijanych",1
"1977","pijaństwa",1
"1978","pikantny",1
"1979","pilecki",3
"1980","pileckiego",1
"1981","piloci",1
"1982","piłkarski",1
"1983","piłkarz",1
"1984","piłki",1
"1985","piło",1
"1986","piłsudski",3
"1987","piłsudskiego",7
"1988","piłsudskim",1
"1989","piły",1
"1990","piraci",1
"1991","pirackiego",1
"1992","piractwa",2
"1993","piramid",1
"1994","piratów",1
"1995","pisali",1
"1996","piwa",1
"1997","piwo",2
"1998","plaga",1
"1999","plagą",1
"2000","plan",2
"2001","planował",3
"2002","plany",2
"2003","plastyczne",1
"2004","playboy",1
"2005","pluskwy",1
"2006","płaciło",1
"2007","płaczą",1
"2008","płakał",1
"2009","płatna",1
"2010","płciową",1
"2011","płyną",1
"2012","pocałunkach",1
"2013","pocałunki",1
"2014","pochodzenie",1
"2015","pociskach",1
"2016","początek",1
"2017","początki",2
"2018","poczet",1
"2019","pocztówki",1
"2020","poczty",1
"2021","poćwiartować",1
"2022","podatek",1
"2023","podbił",2
"2024","podbitych",1
"2025","podbój",2
"2026","poderwać",2
"2027","podkop",1
"2028","podnosiła",1
"2029","podobno",1
"2030","podobnym",1
"2031","podołał",1
"2032","podpasek",1
"2033","podpaski",1
"2034","podpisania",1
"2035","podryw",1
"2036","podrywu",2
"2037","podwodny",2
"2038","podziemna",1
"2039","podziemne",1
"2040","poganinem",1
"2041","pogardy",1
"2042","pogromy",1
"2043","pogrzeb",1
"2044","pogrzebowe",1
"2045","pointe",1
"2046","pokażemy",1
"2047","pokochali",1
"2048","pokojówki",1
"2049","pokonać",1
"2050","pokonamy",1
"2051","pokój",1
"2052","pokroju",1
"2053","pol",1
"2054","polacy",18
"2055","polak",8
"2056","polaka",1
"2057","polakami",1
"2058","polakiem",3
"2059","polakom",1
"2060","polaków",7
"2061","polanie",2
"2062","poleciałaby",1
"2063","polegała",1
"2064","polek",2
"2065","policjant",1
"2066","politycy",1
"2067","politycznej",1
"2068","polityczny",1
"2069","polkach",1
"2070","polki",2
"2071","polowali",1
"2072","polowania",2
"2073","polowanie",2
"2074","polowaniu",1
"2075","polowano",1
"2076","polsce",42
"2077","polscy",14
"2078","polska",17
"2079","polską",5
"2080","polskę",6
"2081","polski",33
"2082","polskich",9
"2083","polskie",7
"2084","polskiego",6
"2085","polskiej",9
"2086","polskiemu",1
"2087","polskim",1
"2088","polskoczechosłowacka",1
"2089","polskonazistowski",1
"2090","polskoperski",1
"2091","polsku",2
"2092","polu",1
"2093","połabskich",1
"2094","połowie",1
"2095","połowy",1
"2096","pomogli",1
"2097","pomówień",1
"2098","pomyłka",1
"2099","pomysł",3
"2100","pomysłami",1
"2101","pomysłowość",1
"2102","pomysłów",1
"2103","ponętne",1
"2104","poniatowski",2
"2105","poniósł",1
"2106","poniżane",1
"2107","ponosić",1
"2108","ponure",1
"2109","popalić",1
"2110","popiełuszki",1
"2111","popijał",1
"2112","popłaca",1
"2113","poprawności",1
"2114","popuszczali",1
"2115","pora",4
"2116","porachunki",1
"2117","porad",4
"2118","poradnia",2
"2119","poradnik",10
"2120","poradnika",1
"2121","porady",8
"2122","poradzi",1
"2123","poradzić",1
"2124","poradziłby",1
"2125","pornografia",1
"2126","porodówce",1
"2127","porodówki",1
"2128","poroniony",1
"2129","poród",3
"2130","poruszające",1
"2131","poruszyła",1
"2132","porwali",1
"2133","posadach",1
"2134","postawiła",1
"2135","postrach",2
"2136","poszedłbyś",1
"2137","poszło",1
"2138","poszukiwanego",1
"2139","poszukiwanym",1
"2140","poślubię",1
"2141","poślubna",1
"2142","poślubne",2
"2143","pośmiewisko",1
"2144","pośrodku",1
"2145","pot",1
"2146","pota",1
"2147","potajemnie",1
"2148","potęgi",1
"2149","potocki",1
"2150","potrafi",1
"2151","potrafią",2
"2152","potrafili",2
"2153","potrafił",1
"2154","potrafiły",1
"2155","potraw",1
"2156","potrzebował",1
"2157","potwór",1
"2158","powiedz",1
"2159","powiedzenia",2
"2160","powiedzenie",1
"2161","powiedzieć",1
"2162","powiesić",1
"2163","powiesz",1
"2164","powietrza",1
"2165","powietrze",1
"2166","powinieneś",2
"2167","powinniśmy",1
"2168","powodu",1
"2169","powojennej",1
"2170","powstał",3
"2171","powstała",1
"2172","powstało",2
"2173","powstania",6
"2174","powstanie",6
"2175","powstaniu",2
"2176","powstańcy",1
"2177","powstańcza",1
"2178","powstydził",2
"2179","powypadkowe",1
"2180","pozbyć",2
"2181","poznaj",2
"2182","poznania",1
"2183","poznaniu",1
"2184","pozwolą",1
"2185","pozwoli",1
"2186","pozwolono",2
"2187","pozycji",1
"2188","pożyczki",1
"2189","pół",2
"2190","północna",1
"2191","północnokoreańska",2
"2192","półwysep",1
"2193","później",2
"2194","późno",1
"2195","prababek",1
"2196","prababka",1
"2197","prababki",1
"2198","praca",1
"2199","pracę",1
"2200","pracodawca",1
"2201","pracodawcą",1
"2202","pracownikiem",1
"2203","pracy",3
"2204","pradziadek",2
"2205","pradziadkowie",4
"2206","pradziadków",4
"2207","praktyczne",1
"2208","prawda",19
"2209","prawdę",2
"2210","prawdopodobnie",1
"2211","prawdzie",1
"2212","prawdziwa",4
"2213","prawdziwą",1
"2214","prawdziwe",6
"2215","prawdziwego",1
"2216","prawdziwej",1
"2217","prawdziwi",3
"2218","prawdziwie",1
"2219","prawdziwy",4
"2220","prawdziwych",3
"2221","prawo",1
"2222","premier",2
"2223","premiera",1
"2224","prezentowy",1
"2225","prezenty",1
"2226","prezerwatywy",2
"2227","prezydenckim",1
"2228","prezydent",1
"2229","prezydentem",1
"2230","prezydentowej",1
"2231","prezydentura",1
"2232","prl",2
"2233","prlowscy",2
"2234","prlowskiej",1
"2235","prlu",5
"2236","problem",4
"2237","problemem",1
"2238","prochami",1
"2239","prohibicja",3
"2240","propagandy",2
"2241","propozycja",1
"2242","proroka",1
"2243","prosektorium",1
"2244","proste",1
"2245","prosto",3
"2246","prostu",1
"2247","prostych",1
"2248","prostytucja",2
"2249","prostytutek",2
"2250","prostytutkę",1
"2251","prostytutki",3
"2252","prób",1
"2253","próbowali",1
"2254","próbował",1
"2255","pruderyjni",1
"2256","prusach",1
"2257","prymitywy",1
"2258","prywatne",1
"2259","prywatny",1
"2260","przebierz",1
"2261","przechytrzyć",1
"2262","przecie",1
"2263","przeciw",2
"2264","przeczytaniu",2
"2265","przedmurzem",1
"2266","przedstawiamy",4
"2267","przedszkolaki",1
"2268","przedwczesny",1
"2269","przedwojenna",1
"2270","przedwojennej",16
"2271","przedwojenny",2
"2272","przedwojennych",3
"2273","przegraliśmy",1
"2274","przegrał",1
"2275","przegrały",1
"2276","przejęcia",1
"2277","przejęła",1
"2278","przeklinał",1
"2279","przekonać",1
"2280","przekonał",1
"2281","przekraść",1
"2282","przekręt",1
"2283","przemienić",1
"2284","przemilczane",1
"2285","przemilczany",4
"2286","przemytnicy",1
"2287","przemytu",1
"2288","przenoszone",1
"2289","przepędzona",1
"2290","przepis",1
"2291","przepisał",1
"2292","przeprowadzić",1
"2293","przeprowadzono",1
"2294","przerąbane",1
"2295","przesadzali",1
"2296","przesądziły",1
"2297","przestępcy",1
"2298","przeszli",1
"2299","przeszłość",1
"2300","przeszły",1
"2301","prześcieradłem",1
"2302","prześladował",1
"2303","prześladowcami",1
"2304","przetrwać",6
"2305","przetrwali",2
"2306","przetrwania",2
"2307","przewagę",1
"2308","przeznaczeniem",1
"2309","przeżycie",1
"2310","przeżyć",1
"2311","przychylność",1
"2312","przydadzą",1
"2313","przydomków",1
"2314","przygodny",1
"2315","przygotowywali",1
"2316","przyjaciel",1
"2317","przyjąć",2
"2318","przyjęty",1
"2319","przykład",3
"2320","przymierze",1
"2321","przypadku",1
"2322","przypalanie",1
"2323","przyrząd",1
"2324","przysmaki",1
"2325","przyspieszony",1
"2326","przyszedł",1
"2327","przyszli",1
"2328","przyszły",1
"2329","przywódców",1
"2330","przywódcy",1
"2331","przyznać",1
"2332","pseudonimy",1
"2333","psów",1
"2334","psy",1
"2335","psychiatryczne",1
"2336","psychiczne",1
"2337","psychikę",2
"2338","psychopatycznymi",1
"2339","pszczoły",1
"2340","ptaszek",1
"2341","pudzian",1
"2342","pułapki",1
"2343","pułk",1
"2344","punkcie",1
"2345","punktach",1
"2346","purée",1
"2347","pustyni",1
"2348","puszce",1
"2349","putin",2
"2350","putina",1
"2351","pzpru",1
"2352","r",2
"2353","rabować",1
"2354","rabowali",1
"2355","rabunki",1
"2356","radzieccy",1
"2357","radziecka",2
"2358","radziecką",1
"2359","radziecki",4
"2360","radzieckich",1
"2361","radzieckiego",4
"2362","radzieckim",3
"2363","radziwiłłówna",1
"2364","radziwiłłówny",1
"2365","radzono",2
"2366","rafu",1
"2367","raj",1
"2368","raka",1
"2369","rambo",1
"2370","rangersi",1
"2371","ranking",2
"2372","raportach",1
"2373","rasistowski",1
"2374","ratują",1
"2375","ratując",1
"2376","ratuszem",1
"2377","raz",2
"2378","razie",2
"2379","razy",1
"2380","rąk",1
"2381","rdzennych",1
"2382","reagowali",1
"2383","reakcje",1
"2384","rebelie",1
"2385","recepta",1
"2386","redutą",1
"2387","reklamowano",1
"2388","rekord",1
"2389","rekordowych",1
"2390","religii",2
"2391","rembrandta",1
"2392","renesansowej",1
"2393","renesansowych",2
"2394","reporterka",1
"2395","reprezentacji",1
"2396","republika",2
"2397","résistance",1
"2398","rewanż",1
"2399","rewia",1
"2400","rewolucja",3
"2401","rewolucję",2
"2402","rewolucjonistkę",1
"2403","rewolucjoniści",1
"2404","rewolwer",1
"2405","rewolwerami",1
"2406","ręce",1
"2407","ręka",1
"2408","rękach",1
"2409","ribbentropmołotow",2
"2410","robaki",1
"2411","robiąc",1
"2412","robieniu",1
"2413","robili",7
"2414","robił",3
"2415","robiła",1
"2416","robiło",1
"2417","robinson",1
"2418","robisz",1
"2419","rocknroll",1
"2420","rocznie",1
"2421","rodacy",1
"2422","rodem",2
"2423","rodzaju",1
"2424","rodzenia",1
"2425","rodzeństwem",1
"2426","rodzić",1
"2427","rodzina",2
"2428","rodzinie",1
"2429","rodziny",2
"2430","rogate",1
"2431","rok",1
"2432","romans",1
"2433","rommla",1
"2434","roosevelt",1
"2435","roosevelta",2
"2436","ropy",1
"2437","rosja",2
"2438","rosjanami",1
"2439","rosjanie",1
"2440","rosję",1
"2441","rosły",1
"2442","rosyjscy",1
"2443","rosyjska",1
"2444","rosyjski",3
"2445","rosyjskiego",1
"2446","rosyjskim",1
"2447","rotmistrza",1
"2448","rozbijali",1
"2449","rozbił",1
"2450","rozbiór",1
"2451","rozchorujesz",1
"2452","rozdział",1
"2453","rozkochać",1
"2454","rozmawianie",1
"2455","rozmodlona",1
"2456","rozmontowali",1
"2457","rozpadła",1
"2458","rozpruwacz",1
"2459","rozpustna",1
"2460","rozpustni",1
"2461","rozpusty",1
"2462","rozróba",1
"2463","rozrywki",1
"2464","rozstrzelać",1
"2465","rozumiał",1
"2466","rozwalamy",1
"2467","rozwiązanie",1
"2468","rozwodem",1
"2469","rozwody",1
"2470","równikowym",1
"2471","różne",1
"2472","rp",4
"2473","ruble",1
"2474","rudolf",1
"2475","rudolfa",1
"2476","rumunii",1
"2477","rumuńskiej",1
"2478","rusek",1
"2479","ruskim",1
"2480","ryba",1
"2481","rycerzem",1
"2482","rychtowała",1
"2483","ryczą",1
"2484","rynek",1
"2485","rynku",2
"2486","rysunku",1
"2487","rytualne",1
"2488","ryzykowna",1
"2489","rządzi",1
"2490","rzecz",2
"2491","rzeczpospolita",2
"2492","rzeczpospolitej",9
"2493","rzeczy",2
"2494","rzeczywistości",2
"2495","rzeszą",1
"2496","rzeszy",6
"2497","rzezi",1
"2498","rzeź",2
"2499","rzeźnicy",1
"2500","rzymianie",2
"2501","rzymie",4
"2502","rzymscy",2
"2503","rzymski",1
"2504","rzymskich",1
"2505","rzymskie",1
"2506","rzymskiemu",1
"2507","rzymskim",1
"2508","rzymu",1
"2509","s",1
"2510","sacharyna",1
"2511","saddam",1
"2512","sadysta",1
"2513","sadystycznymi",1
"2514","sadza",1
"2515","saladyna",1
"2516","sam",1
"2517","sami",2
"2518","samobójcę",1
"2519","samobójcza",1
"2520","samochodowy",1
"2521","samochodu",1
"2522","samolot",1
"2523","samolotów",1
"2524","samoloty",1
"2525","samuel",1
"2526","saperów",1
"2527","sarmackie",2
"2528","sasa",1
"2529","sąd",3
"2530","sąsiada",1
"2531","sąsiadowała",1
"2532","schudniesz",1
"2533","schwytania",1
"2534","sekret",3
"2535","sekrety",2
"2536","seks",9
"2537","seksbomba",1
"2538","seksbombę",1
"2539","seksie",2
"2540","seksualna",1
"2541","seksualną",1
"2542","seksualne",1
"2543","seksualnego",1
"2544","sekund",1
"2545","sekundę",1
"2546","sens",1
"2547","sensacyjnego",1
"2548","serca",1
"2549","serce",2
"2550","sercem",1
"2551","sercu",1
"2552","seryjne",1
"2553","seryjny",2
"2554","setki",6
"2555","sflaczałe",1
"2556","sforza",3
"2557","sforzy",1
"2558","sherlock",1
"2559","sherlocka",1
"2560","shermanie",1
"2561","siał",1
"2562","siarka",1
"2563","siebie",1
"2564","siedem",5
"2565","siedlisko",1
"2566","siedmiu",2
"2567","sielanka",1
"2568","sierpień",1
"2569","sił",1
"2570","siłaczki",1
"2571","siostra",1
"2572","siostry",1
"2573","skalskiego",1
"2574","skandynawii",1
"2575","skandynawsku",1
"2576","skarb",1
"2577","skarbcu",1
"2578","skarbowe",1
"2579","skarpetki",1
"2580","skazanych",1
"2581","skazanym",1
"2582","skazuje",1
"2583","skórze",1
"2584","skrobanek",1
"2585","skrócie",1
"2586","skutecznie",2
"2587","skuteczność",1
"2588","skuteczny",1
"2589","skywalker",1
"2590","sławnym",1
"2591","sławojce",1
"2592","sławy",1
"2593","słodzik",1
"2594","słonie",1
"2595","słowację",1
"2596","słowacji",1
"2597","słowacy",1
"2598","słowian",1
"2599","słów",5
"2600","służącą",1
"2601","służba",2
"2602","służby",2
"2603","służebnica",1
"2604","służyć",1
"2605","słynna",1
"2606","słynnej",1
"2607","słynny",2
"2608","słyszeliście",1
"2609","smalcu",1
"2610","smarkacze",1
"2611","smród",1
"2612","smutnym",1
"2613","snajpera",1
"2614","sny",1
"2615","sobieski",2
"2616","sobieskiego",2
"2617","sobieskiej",1
"2618","sobr",1
"2619","socjalistyczna",1
"2620","socjopatami",1
"2621","sojusz",2
"2622","sojusznicy",1
"2623","sojusznikiem",1
"2624","solahütte",1
"2625","solidarnością",1
"2626","sonderkommando",1
"2627","sosabowskiego",1
"2628","sowieci",1
"2629","sowieckie",4
"2630","sowieckiej",1
"2631","sowietów",1
"2632","spa",1
"2633","spadkobierca",1
"2634","spadochroniarzy",2
"2635","spalinowymi",1
"2636","sparaliżował",1
"2637","sparcie",1
"2638","spectre",1
"2639","spektakularna",1
"2640","spędzali",1
"2641","spirytus",1
"2642","spisać",1
"2643","spitfireów",1
"2644","spluwą",1
"2645","spłonęło",1
"2646","spod",1
"2647","spodziewa",1
"2648","spojrzenie",1
"2649","spokój",1
"2650","społeczne",1
"2651","sport",3
"2652","sportowców",1
"2653","sposobów",2
"2654","sposoby",3
"2655","spódnicę",1
"2656","spódnicy",2
"2657","spójrzmy",1
"2658","sprawa",3
"2659","sprawdzamy",3
"2660","sprawdzić",1
"2661","sprawdź",1
"2662","sprawiedliwość",2
"2663","sprawiło",1
"2664","sprowadziła",1
"2665","spryciarz",1
"2666","sprzeciwiali",1
"2667","sprzed",6
"2668","sprzedać",1
"2669","sprzedam",1
"2670","sprzedawali",1
"2671","ss",2
"2672","ssman",1
"2673","stać",1
"2674","stalin",10
"2675","stalina",8
"2676","stalinem",1
"2677","stalingrad",2
"2678","stalinie",1
"2679","stalinowskiego",1
"2680","stalinowskiej",1
"2681","stalking",1
"2682","stalowej",1
"2683","stał",1
"2684","stała",1
"2685","stało",5
"2686","stały",1
"2687","stan",1
"2688","stanach",1
"2689","stanęli",1
"2690","stanisław",2
"2691","stanu",2
"2692","stany",1
"2693","starcie",1
"2694","starości",1
"2695","starość",1
"2696","starożytnego",1
"2697","starożytnej",2
"2698","starożytni",1
"2699","starożytności",1
"2700","starożytny",1
"2701","starożytnych",2
"2702","starożytnym",6
"2703","starszym",1
"2704","stary",2
"2705","statki",1
"2706","stefan",1
"2707","sto",7
"2708","stoi",1
"2709","strach",2
"2710","stracić",1
"2711","strajków",1
"2712","strasznym",1
"2713","straty",1
"2714","strażnicy",2
"2715","strefa",1
"2716","strona",3
"2717","strony",1
"2718","stryczka",1
"2719","strzał",1
"2720","strzelają",1
"2721","strzelali",1
"2722","strzelania",2
"2723","strzelanie",1
"2724","strzępy",1
"2725","stu",1
"2726","studenckiego",1
"2727","student",1
"2728","stuleci",1
"2729","stulecia",1
"2730","stuletnia",1
"2731","stuosobowy",1
"2732","styczniowego",1
"2733","stylu",8
"2734","sukces",2
"2735","sukcesu",1
"2736","sukiennic",1
"2737","suknie",1
"2738","sumienie",1
"2739","superbroń",1
"2740","superszpiegów",1
"2741","survival",2
"2742","sutannach",1
"2743","swastyką",1
"2744","swoich",3
"2745","swoim",3
"2746","swoją",2
"2747","swojego",4
"2748","swojej",3
"2749","sybir",1
"2750","sybirze",1
"2751","sycylijską",1
"2752","syfilitycy",1
"2753","sylwester",2
"2754","sylwestra",1
"2755","sylwetka",1
"2756","syn",2
"2757","syna",2
"2758","synowi",1
"2759","synowie",1
"2760","sypiać",1
"2761","sypialni",2
"2762","sypiała",1
"2763","sypiało",1
"2764","sypiały",1
"2765","sytuacji",2
"2766","szakale",1
"2767","szaleli",1
"2768","szaleńców",1
"2769","szaleńcy",1
"2770","szaleństwo",1
"2771","szalona",1
"2772","szalonych",1
"2773","szampan",1
"2774","szampańska",1
"2775","szans",2
"2776","szanse",1
"2777","szarika",1
"2778","szatański",1
"2779","szczecina",1
"2780","szczekają",1
"2781","szczęście",1
"2782","szczęśliwa",1
"2783","szczęśliwe",1
"2784","szczodry",1
"2785","szczurów",1
"2786","szczury",1
"2787","szedł",1
"2788","szefa",3
"2789","szela",1
"2790","szelą",1
"2791","szesnastolatków",1
"2792","sześć",1
"2793","sześćdziesiątych",1
"2794","szkocki",1
"2795","szkole",4
"2796","szkolono",1
"2797","szkoła",2
"2798","szkorbut",1
"2799","szlachcianka",1
"2800","szlachetni",1
"2801","szlak",1
"2802","szokująca",1
"2803","szokujący",1
"2804","szokujących",1
"2805","szopka",1
"2806","szos",1
"2807","szpiega",1
"2808","szpiegiem",1
"2809","szpitale",1
"2810","sztuka",6
"2811","szturmują",1
"2812","sztylet",1
"2813","szwadron",1
"2814","szwagier",1
"2815","szwedzki",2
"2816","szwedzkorosyjska",1
"2817","szwedzku",1
"2818","szwejka",1
"2819","szyfrów",1
"2820","szynka",1
"2821","ściąć",1
"2822","ściga",1
"2823","śląska",1
"2824","ślepy",1
"2825","ślub",2
"2826","śmiały",1
"2827","śmierci",11
"2828","śmiercią",1
"2829","śmierć",4
"2830","śmierdziały",1
"2831","śmiertelnie",1
"2832","śmiertelny",1
"2833","śmietanie",1
"2834","śmigłyrydz",1
"2835","śniadanie",2
"2836","śnieg",1
"2837","śniło",1
"2838","śpicie",1
"2839","średniowiecza",4
"2840","średniowieczna",3
"2841","średniowieczne",2
"2842","średniowiecznej",3
"2843","średniowieczni",2
"2844","średniowiecznych",1
"2845","średniowieczu",8
"2846","środkowej",1
"2847","świat",5
"2848","świata",6
"2849","świateł",1
"2850","światowa",1
"2851","światową",2
"2852","światowej",16
"2853","światu",2
"2854","świecie",2
"2855","świerszczyk",1
"2856","święci",2
"2857","święta",1
"2858","świętego",3
"2859","święto",1
"2860","świętosławie",1
"2861","świętowali",1
"2862","świętowano",1
"2863","święty",5
"2864","świętym",2
"2865","świniopasem",1
"2866","t",1
"2867","tabletka",1
"2868","tacy",2
"2869","tadeusz",2
"2870","tajemnica",3
"2871","tajemnice",2
"2872","tajna",5
"2873","tajniki",1
"2874","tajnych",1
"2875","tajnym",1
"2876","takiego",3
"2877","talent",1
"2878","tallina",1
"2879","tancerkę",1
"2880","tanio",1
"2881","tańczyć",1
"2882","tańszą",1
"2883","tchórze",1
"2884","tchórzem",1
"2885","teatralny",1
"2886","technologiczna",1
"2887","teksasu",1
"2888","tekstu",1
"2889","telefon",1
"2890","telenowela",2
"2891","telenoweli",1
"2892","telesuperheterodyna",1
"2893","telewizję",1
"2894","templariusze",1
"2895","teoria",1
"2896","terroru",1
"2897","terrorysta",1
"2898","terrorystki",1
"2899","terroryści",1
"2900","terroryzmem",1
"2901","terrorze",1
"2902","teściowej",1
"2903","tę",2
"2904","thief",1
"2905","thora",1
"2906","thugach",1
"2907","titanica",1
"2908","tle",1
"2909","tłuczona",1
"2910","tłusta",1
"2911","toalety",1
"2912","tobruku",2
"2913","tolkiena",1
"2914","torturach",1
"2915","tortury",2
"2916","totalitaryzm",1
"2917","towar",1
"2918","trade",1
"2919","tragedia",1
"2920","traktowali",1
"2921","trener",1
"2922","trening",2
"2923","trenowali",1
"2924","tresowane",1
"2925","tron",3
"2926","tronie",2
"2927","tronu",1
"2928","tropie",1
"2929","truciciel",1
"2930","trucicielka",1
"2931","trucizna",2
"2932","trudna",1
"2933","trudno",2
"2934","truman",1
"2935","trupami",1
"2936","trupów",1
"2937","trupy",2
"2938","trzech",1
"2939","trzeci",1
"2940","trzeciej",1
"2941","trzy",5
"2942","trzydziestu",1
"2943","trzydzieści",1
"2944","trzymał",1
"2945","trzystu",1
"2946","tudorowie",1
"2947","tudorów",1
"2948","tuhajbejowicz",1
"2949","tureckiej",1
"2950","turków",1
"2951","twardzieli",1
"2952","twarz",2
"2953","twojego",1
"2954","twórców",1
"2955","tyfus",2
"2956","tyfusem",1
"2957","tygrysa",1
"2958","tyle",2
"2959","tyłki",1
"2960","typowi",1
"2961","tyran",3
"2962","tyrani",1
"2963","tyrania",1
"2964","tyranów",1
"2965","tyru",1
"2966","tysiąc",2
"2967","tysiąca",1
"2968","tysiącach",2
"2969","tysiące",1
"2970","tysiącletnie",1
"2971","tysiącom",1
"2972","tysięcy",5
"2973","ubić",1
"2974","uboga",1
"2975","uboot",1
"2976","uboota",1
"2977","ubootów",1
"2978","ubooty",1
"2979","uchlał",1
"2980","uciec",1
"2981","ucieczka",2
"2982","uciekali",1
"2983","uczelni",1
"2984","uczeni",1
"2985","uczestnicy",1
"2986","uczestników",1
"2987","uczyli",2
"2988","uczył",1
"2989","uczyły",2
"2990","udało",1
"2991","udane",1
"2992","udawały",1
"2993","uderzają",1
"2994","udowadnia",1
"2995","udowodniła",1
"2996","udowodnimy",1
"2997","udział",1
"2998","ugotowany",1
"2999","ukamienowanie",1
"3000","ukarać",1
"3001","ukarano",1
"3002","ukochanej",1
"3003","ukradli",1
"3004","ukradł",1
"3005","ukradła",1
"3006","ukraina",1
"3007","ukrainę",1
"3008","ukrainy",1
"3009","ukraińcy",3
"3010","ukraińskie",1
"3011","ukraińskiej",1
"3012","ukryć",1
"3013","ulgą",1
"3014","ulicą",1
"3015","ulubiona",1
"3016","ulubiony",1
"3017","ułańskie",1
"3018","umarł",1
"3019","umierać",1
"3020","umór",1
"3021","unicestwił",1
"3022","uniewinnił",2
"3023","unikalne",1
"3024","uniknąć",1
"3025","uniknął",1
"3026","upadkowi",1
"3027","upadku",3
"3028","upiór",1
"3029","upokorzył",1
"3030","uprawiać",1
"3031","uprawiasz",1
"3032","uprowadzają",1
"3033","uratowali",2
"3034","uratował",1
"3035","uratowała",1
"3036","uratowało",2
"3037","urwane",1
"3038","urządzić",1
"3039","urządził",1
"3040","urzędu",1
"3041","usa",2
"3042","usług",1
"3043","usługach",1
"3044","usługi",1
"3045","usprawiedliwić",1
"3046","utalentowaną",1
"3047","utopia",1
"3048","uważaj",1
"3049","uwierzyć",1
"3050","uwierzysz",2
"3051","uwodzenia",1
"3052","uwodziciel",1
"3053","użytkowa",1
"3054","używały",1
"3055","valentino",1
"3056","vatileaks",1
"3057","vercors",1
"3058","vichy",1
"3059","vinci",2
"3060","vive",1
"3061","volksdeutsche",1
"3062","waffen",1
"3063","waffenss",1
"3064","wagę",1
"3065","waginach",1
"3066","wakacje",1
"3067","wakacji",1
"3068","wakacyjny",1
"3069","walce",1
"3070","walczących",2
"3071","walczono",1
"3072","walczy",1
"3073","walczyć",2
"3074","walczył",1
"3075","walczyła",1
"3076","walczyły",1
"3077","walezy",1
"3078","walk",1
"3079","walki",1
"3080","wały",1
"3081","wampir",1
"3082","wampira",2
"3083","wampirów",1
"3084","wampiry",1
"3085","wani",1
"3086","wanna",1
"3087","wariaci",1
"3088","wariat",1
"3089","wariatów",1
"3090","warszawa",3
"3091","warszawą",1
"3092","warszawie",3
"3093","warszawscy",1
"3094","warszawskie",1
"3095","warszawskiego",3
"3096","warszawskim",3
"3097","warszawy",1
"3098","wart",1
"3099","warto",2
"3100","wartość",1
"3101","waszym",1
"3102","waterloo",1
"3103","waza",1
"3104","wazów",1
"3105","ważne",1
"3106","wąchanie",1
"3107","wąglikiem",1
"3108","wbito",1
"3109","wcale",7
"3110","wciągasz",1
"3111","wciąż",1
"3112","wcześniej",3
"3113","wdówki",1
"3114","wehrmachcie",1
"3115","wehrmachtu",2
"3116","wejść",1
"3117","wellington",1
"3118","wersja",2
"3119","wersję",1
"3120","weselsza",1
"3121","weselu",2
"3122","west",1
"3123","westchnień",1
"3124","westerplatte",2
"3125","weteranów",1
"3126","weź",2
"3127","węgla",1
"3128","węgrzy",1
"3129","wiatr",1
"3130","widmo",1
"3131","widok",1
"3132","widzi",1
"3133","widzieliśmy",1
"3134","wiecie",1
"3135","wiedział",2
"3136","wiedziałeś",1
"3137","wiedzieć",2
"3138","wiedzieli",2
"3139","wiedzieliby",1
"3140","wiedzy",1
"3141","wiedźma",1
"3142","wiek",1
"3143","wiekach",1
"3144","wieku",12
"3145","wielka",7
"3146","wielkanoc",2
"3147","wielkanoce",1
"3148","wielką",1
"3149","wielki",2
"3150","wielkich",1
"3151","wielkie",6
"3152","wielkiego",5
"3153","wielkiej",3
"3154","wielkim",4
"3155","wiemy",3
"3156","wieniawa",1
"3157","wierni",1
"3158","wiernych",1
"3159","wiersze",1
"3160","wierzyli",3
"3161","wiesz",1
"3162","wieszcz",1
"3163","wieś",1
"3164","wietnamie",1
"3165","wieżowiec",1
"3166","więzienia",1
"3167","więźniów",4
"3168","wigilię",2
"3169","wikingów",1
"3170","wilczek",1
"3171","wileńska",1
"3172","wilhelma",1
"3173","wilkołak",1
"3174","wincenty",1
"3175","winna",2
"3176","wino",1
"3177","winston",1
"3178","winy",1
"3179","wisiała",1
"3180","wisłą",1
"3181","wisły",1
"3182","witold",2
"3183","witolda",1
"3184","witos",1
"3185","wiwatował",1
"3186","wizytę",1
"3187","wkraczają",1
"3188","władcą",1
"3189","władców",5
"3190","władcy",1
"3191","władczyni",1
"3192","władimir",1
"3193","władysław",3
"3194","władysława",2
"3195","władza",1
"3196","władzą",1
"3197","władzę",1
"3198","władzy",2
"3199","własną",1
"3200","własne",1
"3201","własnego",2
"3202","własnej",1
"3203","własny",1
"3204","właściwie",2
"3205","włos",1
"3206","włosi",2
"3207","włoski",2
"3208","włosy",1
"3209","włoszka",1
"3210","wmówiły",1
"3211","wnioski",1
"3212","woda",1
"3213","wodociągi",1
"3214","wodza",1
"3215","wojciecha",2
"3216","wojenne",1
"3217","wojenny",1
"3218","wojna",5
"3219","wojną",4
"3220","wojnę",8
"3221","wojnie",7
"3222","wojny",22
"3223","wojska",1
"3224","wojsko",2
"3225","wojskowa",1
"3226","wojsku",1
"3227","wojtek",1
"3228","wolał",1
"3229","woli",2
"3230","wolna",1
"3231","wolnej",1
"3232","wolno",3
"3233","wolności",1
"3234","wolność",1
"3235","wolnych",1
"3236","wolnym",3
"3237","worku",1
"3238","world",1
"3239","wódka",2
"3240","wódką",1
"3241","wódki",1
"3242","wpadki",1
"3243","wpuściła",1
"3244","wrobili",1
"3245","wrogiem",1
"3246","wróg",7
"3247","wrzącym",1
"3248","września",1
"3249","wrześniową",1
"3250","wrześniowej",3
"3251","wrześniu",4
"3252","wschodniego",1
"3253","wschodniej",1
"3254","wschodnim",1
"3255","wschodu",1
"3256","wschód",3
"3257","wskazówek",1
"3258","wspomnienia",1
"3259","wspólnego",3
"3260","wspólnej",1
"3261","współczesnych",1
"3262","wstrząsnęła",1
"3263","wstyd",1
"3264","wstydliwa",1
"3265","wstydliwe",1
"3266","wstydzić",2
"3267","wszech",1
"3268","wszy",1
"3269","wszystkiemu",1
"3270","wśród",1
"3271","wujku",1
"3272","wybici",1
"3273","wybierali",1
"3274","wybijemy",1
"3275","wybitnych",2
"3276","wybitnym",1
"3277","wyborcza",1
"3278","wybory",1
"3279","wybrany",1
"3280","wybuch",1
"3281","wybuchło",2
"3282","wybuchnąć",1
"3283","wychować",1
"3284","wychowania",1
"3285","wychowawcze",1
"3286","wychowywano",1
"3287","wyciągnąć",1
"3288","wycieczka",1
"3289","wycinali",1
"3290","wyczyn",2
"3291","wydała",1
"3292","wydarzyły",1
"3293","wydawać",1
"3294","wyglądać",2
"3295","wyglądał",5
"3296","wyglądała",6
"3297","wyglądało",6
"3298","wygrać",3
"3299","wygrali",1
"3300","wygralibyśmy",1
"3301","wygrał",1
"3302","wyjaśniamy",2
"3303","wyklejanki",1
"3304","wykorzystania",1
"3305","wykorzystywać",1
"3306","wykorzystywali",1
"3307","wymarsz",1
"3308","wymazano",1
"3309","wymiotuj",1
"3310","wymordowali",1
"3311","wymysł",1
"3312","wymyślił",1
"3313","wymyślono",1
"3314","wynalazek",1
"3315","wynalazków",2
"3316","wynalazł",1
"3317","wynalezieniem",1
"3318","wynaleziono",1
"3319","wypadek",1
"3320","wypadki",1
"3321","wypowiedziała",1
"3322","wypowiedzianych",1
"3323","wyprawa",1
"3324","wyrachowana",1
"3325","wyrok",1
"3326","wyruszającego",1
"3327","wyrwane",1
"3328","wysadzić",1
"3329","wysp",1
"3330","wyspie",1
"3331","wystarczyło",1
"3332","wyswatać",1
"3333","wyszedł",1
"3334","wyścigi",1
"3335","wytruła",1
"3336","wytrysk",1
"3337","wytworna",1
"3338","wywalczyły",1
"3339","wywiadu",2
"3340","wywłoka",1
"3341","wywołał",3
"3342","wywołała",1
"3343","wywrotowcy",1
"3344","wyzwolenie",1
"3345","wyzwoliciele",1
"3346","wyzwolony",1
"3347","wyzysk",1
"3348","wyżywienie",1
"3349","wziąć",1
"3350","wziął",4
"3351","wzięła",3
"3352","wzięły",1
"3353","wzorem",1
"3354","xiii",1
"3355","xivwiecznej",1
"3356","xix",6
"3357","xixwieczne",1
"3358","xixwieczny",1
"3359","xixwiecznych",1
"3360","xixwiecznym",2
"3361","xviiiwiecznej",1
"3362","xviiiwiecznym",1
"3363","xviiwieczne",1
"3364","xviiwiecznym",1
"3365","xviwiecznych",1
"3366","xx",4
"3367","yontan",1
"3368","zaatakować",1
"3369","zaatakował",1
"3370","zabawa",2
"3371","zabawki",2
"3372","zabawy",1
"3373","zabezpieczyć",1
"3374","zabić",2
"3375","zabij",1
"3376","zabijać",1
"3377","zabijała",1
"3378","zabijały",1
"3379","zabili",2
"3380","zabił",2
"3381","zabiłem",1
"3382","zabiły",2
"3383","zabój",1
"3384","zabójca",1
"3385","zabójcą",1
"3386","zabójców",1
"3387","zabójczo",1
"3388","zabójstwem",1
"3389","zaburzenia",1
"3390","zabytków",1
"3391","zachodni",1
"3392","zachodnie",1
"3393","zachodnim",1
"3394","zachować",1
"3395","zachód",1
"3396","zachwycony",1
"3397","zaczął",1
"3398","zaczęła",2
"3399","zaczynali",1
"3400","zadaniu",1
"3401","zadecydowało",1
"3402","zadłużony",1
"3403","zadrżało",1
"3404","zadziwiły",1
"3405","zafascynowany",1
"3406","zaginiona",1
"3407","zagładę",2
"3408","zagłady",1
"3409","zajął",1
"3410","zajeżdżać",1
"3411","zajęcy",1
"3412","zajść",1
"3413","zakazane",1
"3414","zakazem",1
"3415","zaklęte",1
"3416","zakochany",1
"3417","zakopał",1
"3418","zakopanych",1
"3419","zakrapiane",1
"3420","zaledwie",1
"3421","zalegalizował",1
"3422","załoga",1
"3423","załogi",1
"3424","założeniu",1
"3425","założyli",1
"3426","założył",2
"3427","zamach",7
"3428","zamachem",1
"3429","zamachowcy",1
"3430","zamachowiecsamobójca",2
"3431","zamachów",1
"3432","zamachu",2
"3433","zamachy",1
"3434","zamiast",1
"3435","zamiatanie",1
"3436","zamieniło",1
"3437","zamkniętej",1
"3438","zamordował",3
"3439","zamordowane",1
"3440","zamordowany",2
"3441","zamożni",1
"3442","zanim",2
"3443","zapalenie",1
"3444","zapalniczek",1
"3445","zapewnić",1
"3446","zapędy",1
"3447","zapomniana",5
"3448","zapomniane",3
"3449","zapomnianego",1
"3450","zapomnianej",1
"3451","zapomniani",3
"3452","zapomniany",5
"3453","zapomnianych",1
"3454","zapomnij",1
"3455","zapomnimy",1
"3456","zapowiedziała",1
"3457","zapytać",1
"3458","zarabiali",2
"3459","zarania",1
"3460","zarażały",1
"3461","zareagowałby",1
"3462","zaręczyny",1
"3463","zarobił",1
"3464","zarządził",1
"3465","zasad",2
"3466","zaskakujących",1
"3467","zasnąć",1
"3468","zastanawiających",1
"3469","zastępcą",1
"3470","zastępcy",1
"3471","zaszkodzę",1
"3472","zatopili",1
"3473","zatopiliśmy",1
"3474","zatopione",1
"3475","zaułek",1
"3476","zawdzięczali",1
"3477","zawdzięczało",1
"3478","zawodowy",1
"3479","zawodu",1
"3480","zawód",5
"3481","zawrót",1
"3482","zbić",2
"3483","zboczeńcy",1
"3484","zboczona",1
"3485","zborowski",1
"3486","zbrodni",2
"3487","zbrodnia",2
"3488","zbrodniach",1
"3489","zbrodniarze",2
"3490","zbrodnie",5
"3491","zbroją",1
"3492","zbrojną",1
"3493","zbrojnych",1
"3494","zbudowali",1
"3495","zbudował",1
"3496","zbudowane",1
"3497","zbudowano",1
"3498","zbuntowane",1
"3499","zdania",1
"3500","zdarzeń",1
"3501","zdarzyło",1
"3502","zdecydowało",1
"3503","zdecydowanie",1
"3504","zdezerterował",1
"3505","zdobyć",2
"3506","zdobywali",1
"3507","zdobywcy",1
"3508","zdradę",1
"3509","zdradza",1
"3510","zdradzają",1
"3511","zdradzieccy",1
"3512","zdradziły",1
"3513","zdrajca",1
"3514","zdrajcami",1
"3515","zdrajców",3
"3516","zdrowia",1
"3517","zdziczałych",1
"3518","zegarmistrz",1
"3519","zemsta",2
"3520","zemsty",1
"3521","zemścić",1
"3522","zesłali",1
"3523","zestrzelił",1
"3524","zęba",1
"3525","zębatych",1
"3526","zębów",1
"3527","zęby",1
"3528","zgadnijcie",1
"3529","zginąć",3
"3530","zginął",1
"3531","zginęła",1
"3532","zginęło",1
"3533","zginie",1
"3534","zgładzić",1
"3535","zgłupiały",1
"3536","zgniła",1
"3537","zgony",1
"3538","zhańbiona",1
"3539","zielarki",1
"3540","zielone",1
"3541","zielony",1
"3542","ziemi",5
"3543","ziemiańskim",1
"3544","ziemie",2
"3545","zięcia",1
"3546","zimną",1
"3547","zimno",1
"3548","zinowiej",1
"3549","zjadł",1
"3550","zjednoczone",1
"3551","zjednoczonych",1
"3552","zjedzone",1
"3553","zjeść",2
"3554","zlecała",1
"3555","zlecenie",2
"3556","zlecił",1
"3557","zlikwidować",1
"3558","złamał",1
"3559","złamane",1
"3560","złapano",1
"3561","złodziej",1
"3562","złomiarze",1
"3563","złota",1
"3564","złoto",1
"3565","złoty",1
"3566","złotych",2
"3567","zmarłych",1
"3568","zmiażdżyć",1
"3569","zmienić",3
"3570","zmienili",2
"3571","zmienił",1
"3572","zmroku",1
"3573","zmywak",1
"3574","znaczy",1
"3575","znad",1
"3576","znaleźć",2
"3577","znienawidzone",1
"3578","znieważenie",1
"3579","znika",1
"3580","zniknęła",1
"3581","zniszczyli",1
"3582","zniweczyli",1
"3583","znosić",1
"3584","zombie",1
"3585","zostać",5
"3586","zostali",1
"3587","została",2
"3588","zostało",1
"3589","zostań",1
"3590","zostańmy",1
"3591","zrobić",9
"3592","zrobili",1
"3593","zrobił",1
"3594","zrób",1
"3595","zrujnował",1
"3596","zsrr",3
"3597","zsyłał",1
"3598","zupełnie",1
"3599","zupełnym",1
"3600","zwalczał",1
"3601","zwalczano",1
"3602","zwariować",2
"3603","związek",3
"3604","związki",1
"3605","związku",4
"3606","zwierzenia",1
"3607","zwierzę",1
"3608","zwierzęta",2
"3609","zwierzętami",1
"3610","zwłoki",1
"3611","zwycięstw",1
"3612","zwycięstwo",1
"3613","zwyczajnego",1
"3614","zwyczajni",1
"3615","zwyczajny",3
"3616","zwyczajnymi",1
"3617","zwykli",1
"3618","zwyrodniałymi",1
"3619","zygmunt",2
"3620","zygmunta",2
"3621","źle",1
"3622","żadnego",1
"3623","żadnym",2
"3624","żałosny",1
"3625","żandarmów",1
"3626","żegnał",1
"3627","żelaza",1
"3628","żelazna",1
"3629","żelaznych",2
"3630","żeń",1
"3631","żigolak",1
"3632","żołnierki",1
"3633","żołnierze",3
"3634","żołnierzy",7
"3635","żona",3
"3636","żoną",1
"3637","żonę",2
"3638","żonie",1
"3639","żony",1
"3640","żurawiejki",1
"3641","życia",2
"3642","życie",20
"3643","życiowy",2
"3644","życiu",2
"3645","żyd",1
"3646","żyda",1
"3647","żydami",2
"3648","żydem",1
"3649","żydom",1
"3650","żydowska",1
"3651","żydowski",1
"3652","żydowskie",1
"3653","żydowskiej",1
"3654","żydów",11
"3655","żydówce",1
"3656","żydówką",2
"3657","żydzi",5
"3658","żyje",2
"3659","żyjesz",1
"3660","żył",1
"3661","żyłach",2
"3662","żyło",1
"3663","żyły",2
"3664","żywcem",1
"3665","żywe",2
"3666","żywiono",1
"3667","żywność",1
"3668","żywot",1
